1	Medium
2	Medium
3	Medium
4	Medium
5	Medium
6	Medium
7	Medium
8	Medium
9	Small
10	Huge
11	Small
12	Medium
13	Medium
14	Huge
15	Huge
16	Huge
17	Medium
18	Medium
19	Huge
20	Medium
21	Large
22	Medium
23	Large
24	Medium
25	Large
26	Large
27	Medium
28	Small
29	Medium
30	Huge
31	Medium
32	Medium
33	Small
34	Small
35	Small
36	Large
37	Medium
38	Huge
39	Medium
40	Small
41	Medium
42	Medium
43	Medium
44	Medium
45	Huge
46	Medium
47	Large
48	Huge
49	Medium
50	Medium
51	Small
52	Medium
53	Medium
54	Small
55	Small
56	Medium
57	Huge
58	Medium
59	Large
60	Medium
61	Medium
62	Medium
63	Medium
64	Small
65	Huge
66	Medium
67	Medium
68	Small
69	Small
70	Huge
71	Large
72	Small
73	Huge
74	Medium
75	Small
76	Medium
77	Medium
78	Huge
79	Small
80	Huge
81	Medium
82	Medium
83	Medium
84	Large
85	Huge
86	Huge
87	Small
88	Medium
89	Small
90	Huge
91	Huge
92	Medium
93	Huge
94	Medium
95	Large
96	Medium
97	Small
98	Small
99	Medium
100	Small
101	Huge
102	Huge
103	Huge
104	Huge
105	Medium
106	Medium
107	Medium
108	Medium
109	Medium
110	Small
111	Small
112	Small
113	Huge
114	Small
115	Large
116	Medium
117	Huge
118	Small
119	Huge
120	Small
121	Huge
122	Medium
123	Huge
124	Large
125	Medium
126	Huge
127	Large
128	Huge
129	Small
130	Small
131	Medium
132	Medium
133	Medium
134	Large
135	Huge
136	Medium
137	Medium
138	Small
139	Medium
140	Medium
141	Small
142	Medium
143	Large
144	Large
145	Medium
146	Small
147	Large
148	Small
149	Medium
150	Medium
151	Huge
152	Huge
153	Medium
154	Small
155	Medium
156	Small
157	Huge
158	Large
159	Medium
160	Large
161	Medium
162	Huge
163	Large
164	Huge
165	Large
166	Medium
167	Small
168	Small
169	Small
170	Medium
171	Medium
172	Medium
173	Huge
174	Medium
175	Small
176	Medium
177	Medium
178	Medium
179	Huge
180	Medium
181	Medium
182	Small
183	Huge
184	Medium
185	Medium
186	Medium
187	Small
188	Medium
189	Medium
190	Medium
191	Small
192	Huge
193	Medium
194	Medium
195	Medium
196	Huge
197	Medium
198	Medium
199	Small
200	Medium
201	Medium
202	Medium
203	Large
204	Medium
205	Medium
206	Medium
207	Small
208	Medium
209	Small
210	Huge
211	Small
212	Medium
213	Medium
214	Large
215	Huge
216	Small
217	Small
218	Medium
219	Small
220	Small
221	Medium
222	Medium
223	Small
224	Small
225	Small
226	Small
227	Huge
228	Large
229	Medium
230	Huge
231	Small
232	Small
233	Huge
234	Small
235	Huge
236	Small
237	Huge
238	Medium
239	Small
240	Huge
241	Medium
242	Large
243	Small
244	Huge
245	Medium
246	Medium
247	Large
248	Small
249	Medium
250	Small
251	Huge
252	Medium
253	Large
254	Medium
255	Huge
256	Medium
257	Large
258	Large
259	Small
260	Small
261	Large
262	Small
263	Small
264	Small
265	Medium
266	Huge
267	Small
268	Medium
269	Medium
270	Medium
271	Medium
272	Small
273	Huge
274	Medium
275	Huge
276	Medium
277	Huge
278	Medium
279	Medium
280	Medium
281	Huge
282	Medium
283	Medium
284	Medium
285	Medium
286	Small
287	Medium
288	Small
289	Small
290	Large
291	Huge
292	Huge
293	Medium
294	Small
295	Huge
296	Huge
297	Small
298	Huge
299	Small
300	Medium
301	Small
302	Small
303	Large
304	Medium
305	Huge
306	Small
307	Small
308	Small
309	Medium
310	Small
311	Medium
312	Huge
313	Small
314	Huge
315	Huge
316	Huge
317	Large
318	Small
319	Medium
320	Medium
321	Small
322	Medium
323	Large
324	Medium
325	Medium
326	Huge
327	Huge
328	Large
329	Medium
330	Large
331	Small
332	Large
333	Medium
334	Medium
335	Medium
336	Medium
337	Medium
338	Medium
339	Huge
340	Huge
341	Medium
342	Huge
343	Huge
344	Medium
345	Medium
346	Small
347	Huge
348	Medium
349	Huge
350	Medium
351	Medium
352	Small
353	Small
354	Large
355	Huge
356	Huge
357	Medium
358	Small
359	Medium
360	Medium
361	Medium
362	Medium
363	Small
364	Medium
365	Huge
366	Small
367	Medium
368	Medium
369	Huge
370	Large
371	Medium
372	Medium
373	Large
374	Small
375	Medium
376	Large
377	Medium
378	Medium
379	Huge
380	Medium
381	Small
382	Large
383	Medium
384	Medium
385	Small
386	Medium
387	Medium
388	Medium
389	Medium
390	Medium
391	Large
392	Medium
393	Medium
394	Huge
395	Small
396	Medium
397	Large
398	Medium
399	Medium
400	Huge
401	Large
402	Small
403	Huge
404	Small
405	Huge
406	Medium
407	Huge
408	Huge
409	Small
410	Large
411	Large
412	Huge
413	Small
414	Small
415	Small
416	Huge
417	Medium
418	Huge
419	Medium
420	Huge
421	Huge
422	Medium
423	Huge
424	Medium
425	Small
426	Huge
427	Huge
428	Medium
429	Huge
430	Medium
431	Medium
432	Medium
433	Huge
434	Small
435	Medium
436	Medium
437	Medium
438	Medium
439	Medium
440	Huge
441	Small
442	Small
443	Huge
444	Medium
445	Medium
446	Medium
447	Medium
448	Small
449	Small
450	Medium
451	Medium
452	Medium
453	Huge
454	Medium
455	Huge
456	Huge
457	Medium
458	Medium
459	Medium
460	Medium
461	Large
462	Huge
463	Large
464	Medium
465	Medium
466	Small
467	Huge
468	Huge
469	Small
470	Small
471	Huge
472	Large
473	Medium
474	Huge
475	Small
476	Large
477	Medium
478	Medium
479	Small
480	Large
481	Medium
482	Huge
483	Medium
484	Huge
485	Huge
486	Small
487	Medium
488	Large
489	Medium
490	Medium
491	Medium
492	Huge
493	Large
494	Medium
495	Small
496	Medium
497	Large
498	Large
499	Small
500	Small
501	Small
502	Huge
503	Small
504	Medium
505	Medium
506	Small
507	Huge
508	Medium
509	Huge
510	Medium
511	Huge
512	Small
513	Medium
514	Huge
515	Huge
516	Medium
517	Medium
518	Small
519	Medium
520	Huge
521	Medium
522	Medium
523	Medium
524	Huge
525	Medium
526	Medium
527	Small
528	Small
529	Small
530	Medium
531	Small
532	Small
533	Huge
534	Medium
535	Huge
536	Medium
537	Medium
538	Huge
539	Medium
540	Large
541	Huge
542	Medium
543	Medium
544	Small
545	Small
546	Medium
547	Huge
548	Large
549	Small
550	Small
551	Small
552	Medium
553	Huge
554	Small
555	Huge
556	Large
557	Huge
558	Huge
559	Huge
560	Small
561	Small
562	Huge
563	Medium
564	Small
565	Medium
566	Medium
567	Huge
568	Small
569	Medium
570	Medium
571	Huge
572	Huge
573	Small
574	Medium
575	Medium
576	Medium
577	Small
578	Medium
579	Small
580	Huge
581	Huge
582	Medium
583	Medium
584	Small
585	Small
586	Medium
587	Medium
588	Huge
589	Medium
590	Small
591	Medium
592	Huge
593	Medium
594	Medium
595	Medium
596	Huge
597	Medium
598	Small
599	Medium
600	Medium
601	Medium
602	Medium
603	Huge
604	Large
605	Medium
606	Small
607	Small
608	Medium
609	Huge
610	Medium
611	Small
612	Medium
613	Medium
614	Medium
615	Medium
616	Medium
617	Small
618	Huge
619	Small
620	Small
621	Medium
622	Medium
623	Small
624	Huge
625	Small
626	Medium
627	Huge
628	Medium
629	Small
630	Medium
631	Small
632	Huge
633	Huge
634	Huge
635	Small
636	Medium
637	Huge
638	Medium
639	Medium
640	Small
641	Huge
642	Medium
643	Medium
644	Small
645	Medium
646	Small
647	Small
648	Huge
649	Medium
650	Medium
651	Medium
652	Small
653	Medium
654	Huge
655	Medium
656	Small
657	Large
658	Huge
659	Medium
660	Medium
661	Large
662	Large
663	Small
664	Small
665	Medium
666	Huge
667	Medium
668	Small
669	Huge
670	Medium
671	Large
672	Medium
673	Small
674	Medium
675	Large
676	Huge
677	Huge
678	Medium
679	Huge
680	Small
681	Small
682	Medium
683	Medium
684	Large
685	Medium
686	Small
687	Medium
688	Small
689	Huge
690	Huge
691	Large
692	Medium
693	Medium
694	Small
695	Medium
696	Medium
697	Huge
698	Huge
699	Medium
700	Medium
701	Medium
702	Huge
703	Huge
704	Medium
705	Medium
706	Medium
707	Medium
708	Medium
709	Medium
710	Medium
711	Medium
712	Medium
713	Medium
714	Small
715	Medium
716	Large
717	Small
718	Small
719	Small
720	Medium
721	Medium
722	Medium
723	Small
724	Small
725	Medium
726	Medium
727	Small
728	Medium
729	Small
730	Huge
731	Small
732	Medium
733	Huge
734	Medium
735	Medium
736	Huge
737	Small
738	Large
739	Small
740	Medium
741	Small
742	Huge
743	Medium
744	Medium
745	Large
746	Medium
747	Huge
748	Medium
749	Small
750	Medium
751	Large
752	Medium
753	Medium
754	Huge
755	Medium
756	Small
757	Small
758	Small
759	Huge
760	Large
761	Small
762	Huge
763	Medium
764	Small
765	Huge
766	Small
767	Large
768	Small
769	Huge
770	Large
771	Huge
772	Medium
773	Huge
774	Huge
775	Large
776	Small
777	Medium
778	Medium
779	Large
780	Small
781	Small
782	Huge
783	Large
784	Medium
785	Medium
786	Medium
787	Medium
788	Medium
789	Small
790	Medium
791	Huge
792	Huge
793	Huge
794	Huge
795	Small
796	Huge
797	Large
798	Medium
799	Medium
800	Medium
801	Huge
802	Huge
803	Huge
804	Huge
805	Medium
806	Medium
807	Huge
808	Medium
809	Small
810	Medium
811	Huge
812	Huge
813	Small
814	Medium
815	Medium
816	Huge
817	Medium
818	Small
819	Small
820	Small
821	Medium
822	Medium
823	Small
824	Large
825	Medium
826	Medium
827	Huge
828	Huge
829	Medium
830	Small
831	Medium
832	Huge
833	Medium
834	Huge
835	Huge
836	Large
837	Medium
838	Huge
839	Huge
840	Huge
841	Medium
842	Medium
843	Small
844	Huge
845	Medium
846	Medium
847	Small
848	Medium
849	Medium
850	Medium
851	Large
852	Small
853	Small
854	Huge
855	Small
856	Medium
857	Medium
858	Huge
859	Small
860	Huge
861	Medium
862	Large
863	Huge
864	Medium
865	Medium
866	Medium
867	Small
868	Huge
869	Small
870	Medium
871	Medium
872	Medium
873	Medium
874	Huge
875	Huge
876	Medium
877	Medium
878	Medium
879	Medium
880	Medium
881	Huge
882	Huge
883	Huge
884	Small
885	Medium
886	Large
887	Large
888	Huge
889	Small
890	Medium
891	Small
892	Medium
893	Huge
894	Small
895	Medium
896	Small
897	Medium
898	Small
899	Huge
900	Small
901	Large
902	Huge
903	Medium
904	Medium
905	Medium
906	Medium
907	Huge
908	Huge
909	Large
910	Large
911	Large
912	Medium
913	Huge
914	Medium
915	Huge
916	Huge
917	Small
918	Large
919	Medium
920	Huge
921	Medium
922	Huge
923	Huge
924	Medium
925	Medium
926	Small
927	Small
928	Medium
929	Huge
930	Medium
931	Large
932	Large
933	Medium
934	Small
935	Small
936	Small
937	Medium
938	Medium
939	Medium
940	Medium
941	Huge
942	Large
943	Medium
944	Large
945	Huge
946	Medium
947	Medium
948	Small
949	Small
950	Small
951	Small
952	Small
953	Small
954	Small
955	Small
956	Medium
957	Small
958	Medium
959	Medium
960	Huge
961	Medium
962	Huge
963	Small
964	Medium
965	Medium
966	Huge
967	Small
968	Small
969	Large
970	Small
971	Large
972	Huge
973	Large
974	Medium
975	Huge
976	Large
977	Medium
978	Medium
979	Medium
980	Large
981	Medium
982	Medium
983	Huge
984	Large
985	Huge
986	Huge
987	Small
988	Medium
989	Medium
990	Medium
991	Medium
992	Huge
993	Small
994	Medium
995	Medium
996	Medium
997	Medium
998	Small
999	Small
1000	Huge
1001	Medium
1002	Medium
1003	Medium
1004	Medium
1005	Medium
1006	Medium
1007	Large
1008	Medium
1009	Small
1010	Medium
1011	Huge
1012	Medium
1013	Medium
1014	Huge
1015	Small
1016	Huge
1017	Medium
1018	Medium
1019	Small
1020	Small
1021	Small
1022	Huge
1023	Small
1024	Huge
1025	Huge
1026	Medium
1027	Huge
1028	Small
1029	Medium
1030	Medium
1031	Medium
1032	Huge
1033	Small
1034	Medium
1035	Medium
1036	Medium
1037	Large
1038	Huge
1039	Medium
1040	Large
1041	Medium
1042	Large
1043	Huge
1044	Medium
1045	Huge
1046	Large
1047	Medium
1048	Huge
1049	Medium
1050	Medium
1051	Huge
1052	Small
1053	Huge
1054	Huge
1055	Large
1056	Small
1057	Medium
1058	Small
1059	Medium
1060	Medium
1061	Medium
1062	Medium
1063	Huge
1064	Medium
1065	Huge
1066	Small
1067	Small
1068	Huge
1069	Huge
1070	Medium
1071	Large
1072	Huge
1073	Small
1074	Medium
1075	Medium
1076	Small
1077	Medium
1078	Small
1079	Small
1080	Medium
1081	Huge
1082	Medium
1083	Huge
1084	Large
1085	Medium
1086	Small
1087	Huge
1088	Medium
1089	Large
1090	Medium
1091	Medium
1092	Medium
1093	Small
1094	Medium
1095	Medium
1096	Medium
1097	Large
1098	Medium
1099	Medium
1100	Huge
1101	Small
1102	Small
1103	Medium
1104	Medium
1105	Medium
1106	Huge
1107	Medium
1108	Large
1109	Small
1110	Medium
1111	Medium
1112	Small
1113	Medium
1114	Small
1115	Huge
1116	Medium
1117	Small
1118	Small
1119	Medium
1120	Medium
1121	Small
1122	Medium
1123	Small
1124	Medium
1125	Medium
1126	Medium
1127	Medium
1128	Medium
1129	Small
1130	Large
1131	Small
1132	Medium
1133	Medium
1134	Huge
1135	Huge
1136	Medium
1137	Huge
1138	Small
1139	Huge
1140	Huge
1141	Small
1142	Huge
1143	Small
1144	Huge
1145	Huge
1146	Medium
1147	Medium
1148	Medium
1149	Small
1150	Small
1151	Huge
1152	Huge
1153	Medium
1154	Huge
1155	Huge
1156	Huge
1157	Large
1158	Medium
1159	Medium
1160	Medium
1161	Medium
1162	Small
1163	Large
1164	Small
1165	Huge
1166	Small
1167	Medium
1168	Huge
1169	Medium
1170	Small
1171	Small
1172	Small
1173	Huge
1174	Huge
1175	Huge
1176	Medium
1177	Medium
1178	Medium
1179	Huge
1180	Large
1181	Medium
1182	Medium
1183	Huge
1184	Medium
1185	Huge
1186	Small
1187	Small
1188	Medium
1189	Huge
1190	Small
1191	Huge
1192	Small
1193	Large
1194	Medium
1195	Medium
1196	Medium
1197	Medium
1198	Small
1199	Medium
1200	Huge
1201	Medium
1202	Small
1203	Small
1204	Medium
1205	Medium
1206	Huge
1207	Medium
1208	Small
1209	Huge
1210	Large
1211	Medium
1212	Small
1213	Huge
1214	Small
1215	Medium
1216	Medium
1217	Small
1218	Large
1219	Huge
1220	Medium
1221	Small
1222	Medium
1223	Huge
1224	Small
1225	Large
1226	Huge
1227	Medium
1228	Small
1229	Huge
1230	Small
1231	Medium
1232	Small
1233	Huge
1234	Large
1235	Large
1236	Medium
1237	Huge
1238	Small
1239	Large
1240	Huge
1241	Large
1242	Medium
1243	Huge
1244	Medium
1245	Small
1246	Small
1247	Medium
1248	Huge
1249	Medium
1250	Medium
1251	Medium
1252	Medium
1253	Large
1254	Medium
1255	Medium
1256	Small
1257	Large
1258	Small
1259	Huge
1260	Medium
1261	Huge
1262	Small
1263	Huge
1264	Medium
1265	Huge
1266	Huge
1267	Medium
1268	Medium
1269	Medium
1270	Medium
1271	Huge
1272	Medium
1273	Medium
1274	Small
1275	Small
1276	Medium
1277	Small
1278	Medium
1279	Huge
1280	Medium
1281	Medium
1282	Small
1283	Small
1284	Small
1285	Small
1286	Small
1287	Huge
1288	Huge
1289	Huge
1290	Medium
1291	Large
1292	Medium
1293	Small
1294	Huge
1295	Huge
1296	Small
1297	Medium
1298	Medium
1299	Medium
1300	Medium
1301	Huge
1302	Large
1303	Medium
1304	Small
1305	Medium
1306	Large
1307	Medium
1308	Medium
1309	Huge
1310	Small
1311	Medium
1312	Medium
1313	Medium
1314	Small
1315	Huge
1316	Huge
1317	Huge
1318	Small
1319	Huge
1320	Medium
1321	Huge
1322	Large
1323	Medium
1324	Huge
1325	Medium
1326	Huge
1327	Medium
1328	Medium
1329	Medium
1330	Small
1331	Medium
1332	Medium
1333	Medium
1334	Medium
1335	Large
1336	Small
1337	Small
1338	Medium
1339	Huge
1340	Medium
1341	Huge
1342	Medium
1343	Medium
1344	Medium
1345	Medium
1346	Medium
1347	Medium
1348	Medium
1349	Medium
1350	Medium
1351	Large
1352	Large
1353	Medium
1354	Medium
1355	Medium
1356	Huge
1357	Huge
1358	Small
1359	Large
1360	Medium
1361	Huge
1362	Huge
1363	Small
1364	Medium
1365	Huge
1366	Medium
1367	Medium
1368	Small
1369	Small
1370	Small
1371	Huge
1372	Large
1373	Medium
1374	Small
1375	Medium
1376	Huge
1377	Huge
1378	Huge
1379	Medium
1380	Small
1381	Huge
1382	Large
1383	Huge
1384	Medium
1385	Medium
1386	Huge
1387	Medium
1388	Large
1389	Medium
1390	Huge
1391	Small
1392	Medium
1393	Medium
1394	Huge
1395	Medium
1396	Small
1397	Huge
1398	Medium
1399	Large
1400	Medium
1401	Medium
1402	Medium
1403	Medium
1404	Small
1405	Small
1406	Small
1407	Medium
1408	Medium
1409	Huge
1410	Small
1411	Small
1412	Huge
1413	Medium
1414	Large
1415	Huge
1416	Huge
1417	Huge
1418	Medium
1419	Medium
1420	Medium
1421	Medium
1422	Medium
1423	Huge
1424	Huge
1425	Medium
1426	Huge
1427	Medium
1428	Medium
1429	Medium
1430	Huge
1431	Medium
1432	Huge
1433	Medium
1434	Small
1435	Large
1436	Medium
1437	Large
1438	Small
1439	Medium
1440	Medium
1441	Large
1442	Huge
1443	Medium
1444	Large
1445	Medium
1446	Medium
1447	Large
1448	Huge
1449	Medium
1450	Huge
1451	Huge
1452	Small
1453	Medium
1454	Medium
1455	Medium
1456	Huge
1457	Medium
1458	Huge
1459	Huge
1460	Small
1461	Medium
1462	Huge
1463	Small
1464	Medium
1465	Medium
1466	Small
1467	Medium
1468	Huge
1469	Medium
1470	Small
1471	Medium
1472	Medium
1473	Small
1474	Medium
1475	Medium
1476	Huge
1477	Huge
1478	Small
1479	Small
1480	Huge
1481	Medium
1482	Huge
1483	Huge
1484	Small
1485	Medium
1486	Medium
1487	Small
1488	Small
1489	Large
1490	Medium
1491	Medium
1492	Medium
1493	Medium
1494	Small
1495	Medium
1496	Medium
1497	Huge
1498	Medium
1499	Medium
1500	Medium
1501	Medium
1502	Medium
1503	Huge
1504	Small
1505	Huge
1506	Medium
1507	Huge
1508	Large
1509	Large
1510	Medium
1511	Medium
1512	Small
1513	Medium
1514	Huge
1515	Small
1516	Medium
1517	Large
1518	Large
1519	Huge
1520	Small
1521	Small
1522	Huge
1523	Medium
1524	Medium
1525	Huge
1526	Medium
1527	Medium
1528	Huge
1529	Medium
1530	Medium
1531	Small
1532	Small
1533	Small
1534	Huge
1535	Medium
1536	Medium
1537	Small
1538	Medium
1539	Small
1540	Huge
1541	Huge
1542	Small
1543	Medium
1544	Medium
1545	Small
1546	Medium
1547	Small
1548	Large
1549	Small
1550	Medium
1551	Huge
1552	Medium
1553	Small
1554	Small
1555	Small
1556	Medium
1557	Large
1558	Medium
1559	Medium
1560	Medium
1561	Medium
1562	Huge
1563	Huge
1564	Medium
1565	Medium
1566	Medium
1567	Medium
1568	Medium
1569	Medium
1570	Small
1571	Small
1572	Huge
1573	Huge
1574	Medium
1575	Large
1576	Medium
1577	Large
1578	Large
1579	Medium
1580	Small
1581	Medium
1582	Medium
1583	Medium
1584	Medium
1585	Small
1586	Huge
1587	Small
1588	Small
1589	Medium
1590	Medium
1591	Small
1592	Medium
1593	Medium
1594	Medium
1595	Small
1596	Medium
1597	Huge
1598	Large
1599	Huge
1600	Small
1601	Small
1602	Small
1603	Huge
1604	Large
1605	Small
1606	Medium
1607	Small
1608	Medium
1609	Medium
1610	Medium
1611	Large
1612	Small
1613	Medium
1614	Huge
1615	Medium
1616	Medium
1617	Small
1618	Medium
1619	Huge
1620	Small
1621	Medium
1622	Medium
1623	Medium
1624	Medium
1625	Huge
1626	Medium
1627	Small
1628	Small
1629	Medium
1630	Medium
1631	Small
1632	Small
1633	Medium
1634	Huge
1635	Huge
1636	Medium
1637	Medium
1638	Medium
1639	Medium
1640	Medium
1641	Medium
1642	Huge
1643	Medium
1644	Medium
1645	Small
1646	Large
1647	Huge
1648	Huge
1649	Huge
1650	Medium
1651	Huge
1652	Small
1653	Medium
1654	Medium
1655	Medium
1656	Medium
1657	Medium
1658	Medium
1659	Huge
1660	Huge
1661	Large
1662	Huge
1663	Medium
1664	Medium
1665	Huge
1666	Medium
1667	Medium
1668	Large
1669	Medium
1670	Huge
1671	Medium
1672	Huge
1673	Large
1674	Medium
1675	Huge
1676	Medium
1677	Small
1678	Huge
1679	Huge
1680	Large
1681	Huge
1682	Medium
1683	Medium
1684	Small
1685	Medium
1686	Huge
1687	Medium
1688	Medium
1689	Small
1690	Medium
1691	Medium
1692	Small
1693	Medium
1694	Small
1695	Medium
1696	Huge
1697	Small
1698	Small
1699	Medium
1700	Medium
1701	Small
1702	Medium
1703	Huge
1704	Medium
1705	Small
1706	Huge
1707	Huge
1708	Large
1709	Medium
1710	Huge
1711	Medium
1712	Large
1713	Large
1714	Medium
1715	Medium
1716	Huge
1717	Medium
1718	Medium
1719	Huge
1720	Small
1721	Large
1722	Medium
1723	Small
1724	Medium
1725	Large
1726	Medium
1727	Medium
1728	Huge
1729	Medium
1730	Small
1731	Small
1732	Small
1733	Huge
1734	Medium
1735	Small
1736	Medium
1737	Medium
1738	Huge
1739	Medium
1740	Large
1741	Medium
1742	Medium
1743	Huge
1744	Medium
1745	Huge
1746	Small
1747	Medium
1748	Medium
1749	Huge
1750	Small
1751	Medium
1752	Large
1753	Medium
1754	Huge
1755	Medium
1756	Medium
1757	Medium
1758	Medium
1759	Small
1760	Medium
1761	Medium
1762	Huge
1763	Medium
1764	Medium
1765	Medium
1766	Small
1767	Medium
1768	Large
1769	Medium
1770	Large
1771	Large
1772	Medium
1773	Medium
1774	Medium
1775	Medium
1776	Medium
1777	Huge
1778	Medium
1779	Medium
1780	Huge
1781	Small
1782	Small
1783	Medium
1784	Medium
1785	Medium
1786	Medium
1787	Medium
1788	Huge
1789	Huge
1790	Huge
1791	Small
1792	Medium
1793	Huge
1794	Huge
1795	Medium
1796	Small
1797	Huge
1798	Huge
1799	Medium
1800	Medium
1801	Medium
1802	Medium
1803	Huge
1804	Medium
1805	Small
1806	Medium
1807	Medium
1808	Medium
1809	Small
1810	Medium
1811	Huge
1812	Large
1813	Huge
1814	Huge
1815	Small
1816	Huge
1817	Medium
1818	Medium
1819	Small
1820	Huge
1821	Medium
1822	Small
1823	Medium
1824	Small
1825	Medium
1826	Huge
1827	Small
1828	Small
1829	Huge
1830	Medium
1831	Huge
1832	Huge
1833	Medium
1834	Medium
1835	Small
1836	Medium
1837	Medium
1838	Medium
1839	Small
1840	Small
1841	Huge
1842	Medium
1843	Medium
1844	Large
1845	Huge
1846	Huge
1847	Medium
1848	Medium
1849	Huge
1850	Medium
1851	Huge
1852	Medium
1853	Huge
1854	Huge
1855	Small
1856	Medium
1857	Huge
1858	Medium
1859	Medium
1860	Medium
1861	Small
1862	Huge
1863	Huge
1864	Small
1865	Huge
1866	Huge
1867	Small
1868	Huge
1869	Huge
1870	Medium
1871	Small
1872	Small
1873	Small
1874	Huge
1875	Small
1876	Large
1877	Medium
1878	Medium
1879	Medium
1880	Small
1881	Small
1882	Huge
1883	Small
1884	Huge
1885	Huge
1886	Medium
1887	Medium
1888	Small
1889	Small
1890	Huge
1891	Huge
1892	Medium
1893	Small
1894	Medium
1895	Huge
1896	Small
1897	Huge
1898	Medium
1899	Medium
1900	Large
1901	Medium
1902	Huge
1903	Medium
1904	Medium
1905	Medium
1906	Medium
1907	Medium
1908	Medium
1909	Huge
1910	Medium
1911	Medium
1912	Small
1913	Medium
1914	Medium
1915	Medium
1916	Large
1917	Medium
1918	Medium
1919	Small
1920	Large
1921	Medium
1922	Small
1923	Medium
1924	Medium
1925	Medium
1926	Medium
1927	Medium
1928	Huge
1929	Small
1930	Small
1931	Medium
1932	Small
1933	Medium
1934	Huge
1935	Large
1936	Medium
1937	Huge
1938	Large
1939	Medium
1940	Huge
1941	Huge
1942	Huge
1943	Small
1944	Medium
1945	Huge
1946	Huge
1947	Medium
1948	Huge
1949	Medium
1950	Small
1951	Medium
1952	Small
1953	Huge
1954	Large
1955	Medium
1956	Huge
1957	Large
1958	Huge
1959	Small
1960	Small
1961	Large
1962	Large
1963	Medium
1964	Medium
1965	Huge
1966	Medium
1967	Huge
1968	Medium
1969	Medium
1970	Medium
1971	Small
1972	Small
1973	Huge
1974	Medium
1975	Small
1976	Huge
1977	Medium
1978	Small
1979	Medium
1980	Small
1981	Medium
1982	Huge
1983	Small
1984	Medium
1985	Small
1986	Medium
1987	Medium
1988	Medium
1989	Large
1990	Small
1991	Large
1992	Medium
1993	Huge
1994	Large
1995	Huge
1996	Medium
1997	Medium
1998	Huge
1999	Medium
2000	Medium
2001	Medium
2002	Huge
2003	Small
2004	Medium
2005	Medium
2006	Huge
2007	Medium
2008	Medium
2009	Small
2010	Medium
2011	Medium
2012	Medium
2013	Medium
2014	Medium
2015	Small
2016	Huge
2017	Medium
2018	Medium
2019	Medium
2020	Medium
2021	Huge
2022	Medium
2023	Huge
2024	Medium
2025	Huge
2026	Medium
2027	Huge
2028	Huge
2029	Medium
2030	Small
2031	Medium
2032	Large
2033	Medium
2034	Huge
2035	Huge
2036	Medium
2037	Small
2038	Huge
2039	Medium
2040	Medium
2041	Small
2042	Huge
2043	Huge
2044	Huge
2045	Huge
2046	Huge
2047	Small
2048	Huge
2049	Medium
2050	Medium
2051	Huge
2052	Small
2053	Huge
2054	Medium
2055	Medium
2056	Huge
2057	Medium
2058	Small
2059	Medium
2060	Small
2061	Medium
2062	Huge
2063	Large
2064	Medium
2065	Huge
2066	Huge
2067	Medium
2068	Medium
2069	Medium
2070	Small
2071	Medium
2072	Small
2073	Medium
2074	Huge
2075	Small
2076	Huge
2077	Medium
2078	Small
2079	Medium
2080	Huge
2081	Huge
2082	Huge
2083	Medium
2084	Huge
2085	Small
2086	Medium
2087	Medium
2088	Small
2089	Huge
2090	Medium
2091	Large
2092	Medium
2093	Medium
2094	Medium
2095	Huge
2096	Medium
2097	Medium
2098	Medium
2099	Medium
2100	Medium
2101	Large
2102	Small
2103	Huge
2104	Large
2105	Large
2106	Small
2107	Small
2108	Small
2109	Medium
2110	Small
2111	Medium
2112	Huge
2113	Medium
2114	Small
2115	Medium
2116	Small
2117	Medium
2118	Large
2119	Medium
2120	Huge
2121	Medium
2122	Medium
2123	Huge
2124	Huge
2125	Medium
2126	Medium
2127	Small
2128	Large
2129	Small
2130	Medium
2131	Huge
2132	Medium
2133	Medium
2134	Small
2135	Medium
2136	Large
2137	Medium
2138	Huge
2139	Small
2140	Huge
2141	Medium
2142	Medium
2143	Huge
2144	Huge
2145	Small
2146	Medium
2147	Large
2148	Small
2149	Small
2150	Medium
2151	Medium
2152	Medium
2153	Large
2154	Medium
2155	Medium
2156	Large
2157	Small
2158	Medium
2159	Medium
2160	Medium
2161	Medium
2162	Small
2163	Small
2164	Small
2165	Small
2166	Medium
2167	Medium
2168	Large
2169	Large
2170	Medium
2171	Huge
2172	Huge
2173	Huge
2174	Medium
2175	Large
2176	Small
2177	Medium
2178	Medium
2179	Medium
2180	Huge
2181	Small
2182	Medium
2183	Small
2184	Medium
2185	Medium
2186	Medium
2187	Medium
2188	Medium
2189	Huge
2190	Medium
2191	Huge
2192	Large
2193	Medium
2194	Huge
2195	Huge
2196	Huge
2197	Medium
2198	Medium
2199	Medium
2200	Huge
2201	Small
2202	Medium
2203	Medium
2204	Medium
2205	Medium
2206	Medium
2207	Small
2208	Medium
2209	Medium
2210	Large
2211	Small
2212	Huge
2213	Medium
2214	Huge
2215	Medium
2216	Medium
2217	Small
2218	Medium
2219	Medium
2220	Huge
2221	Medium
2222	Huge
2223	Medium
2224	Huge
2225	Medium
2226	Huge
2227	Small
2228	Small
2229	Medium
2230	Huge
2231	Medium
2232	Medium
2233	Huge
2234	Medium
2235	Medium
2236	Huge
2237	Small
2238	Small
2239	Medium
2240	Small
2241	Medium
2242	Medium
2243	Medium
2244	Small
2245	Small
2246	Medium
2247	Huge
2248	Small
2249	Huge
2250	Medium
2251	Medium
2252	Huge
2253	Medium
2254	Small
2255	Huge
2256	Small
2257	Huge
2258	Medium
2259	Medium
2260	Small
2261	Huge
2262	Medium
2263	Medium
2264	Medium
2265	Medium
2266	Huge
2267	Huge
2268	Medium
2269	Medium
2270	Small
2271	Medium
2272	Huge
2273	Medium
2274	Medium
2275	Medium
2276	Small
2277	Medium
2278	Huge
2279	Huge
2280	Medium
2281	Small
2282	Small
2283	Small
2284	Huge
2285	Huge
2286	Medium
2287	Medium
2288	Medium
2289	Medium
2290	Medium
2291	Medium
2292	Medium
2293	Huge
2294	Medium
2295	Medium
2296	Huge
2297	Medium
2298	Huge
2299	Medium
2300	Huge
2301	Medium
2302	Medium
2303	Medium
2304	Medium
2305	Small
2306	Huge
2307	Medium
2308	Medium
2309	Medium
2310	Medium
2311	Medium
2312	Small
2313	Medium
2314	Medium
2315	Small
2316	Medium
2317	Small
2318	Small
2319	Huge
2320	Huge
2321	Small
2322	Small
2323	Medium
2324	Small
2325	Small
2326	Medium
2327	Large
2328	Medium
2329	Huge
2330	Medium
2331	Small
2332	Medium
2333	Huge
2334	Large
2335	Medium
2336	Huge
2337	Huge
2338	Medium
2339	Medium
2340	Huge
2341	Small
2342	Huge
2343	Medium
2344	Medium
2345	Medium
2346	Medium
2347	Huge
2348	Medium
2349	Huge
2350	Small
2351	Huge
2352	Huge
2353	Medium
2354	Small
2355	Huge
2356	Medium
2357	Huge
2358	Small
2359	Small
2360	Huge
2361	Medium
2362	Medium
2363	Huge
2364	Small
2365	Medium
2366	Small
2367	Large
2368	Medium
2369	Huge
2370	Medium
2371	Large
2372	Medium
2373	Medium
2374	Huge
2375	Huge
2376	Medium
2377	Medium
2378	Huge
2379	Medium
2380	Huge
2381	Medium
2382	Huge
2383	Medium
2384	Huge
2385	Huge
2386	Medium
2387	Large
2388	Large
2389	Medium
2390	Medium
2391	Huge
2392	Medium
2393	Small
2394	Huge
2395	Medium
2396	Small
2397	Medium
2398	Medium
2399	Small
2400	Medium
2401	Medium
2402	Huge
2403	Medium
2404	Medium
2405	Small
2406	Small
2407	Large
2408	Medium
2409	Medium
2410	Medium
2411	Medium
2412	Medium
2413	Small
2414	Small
2415	Medium
2416	Small
2417	Medium
2418	Small
2419	Medium
2420	Small
2421	Huge
2422	Huge
2423	Medium
2424	Medium
2425	Medium
2426	Huge
2427	Medium
2428	Huge
2429	Medium
2430	Huge
2431	Small
2432	Huge
2433	Huge
2434	Small
2435	Small
2436	Small
2437	Large
2438	Small
2439	Medium
2440	Huge
2441	Medium
2442	Medium
2443	Small
2444	Medium
2445	Medium
2446	Huge
2447	Small
2448	Medium
2449	Small
2450	Medium
2451	Small
2452	Medium
2453	Medium
2454	Huge
2455	Medium
2456	Huge
2457	Huge
2458	Large
2459	Huge
2460	Small
2461	Medium
2462	Medium
2463	Medium
2464	Medium
2465	Small
2466	Huge
2467	Medium
2468	Small
2469	Medium
2470	Medium
2471	Large
2472	Medium
2473	Small
2474	Large
2475	Medium
2476	Medium
2477	Medium
2478	Medium
2479	Medium
2480	Huge
2481	Huge
2482	Medium
2483	Medium
2484	Huge
2485	Small
2486	Small
2487	Huge
2488	Huge
2489	Large
2490	Medium
2491	Medium
2492	Large
2493	Medium
2494	Huge
2495	Medium
2496	Medium
2497	Medium
2498	Huge
2499	Medium
2500	Medium
2501	Huge
2502	Medium
2503	Huge
2504	Small
2505	Small
2506	Medium
2507	Medium
2508	Medium
2509	Large
2510	Small
2511	Small
2512	Medium
2513	Huge
2514	Medium
2515	Medium
